{"is_source_file": false, "format": "", "description": "", "external_files": [], "external_methods": [], "published": [], "classes": [], "methods": [], "calls": [], "search-terms": [], "state": 2, "file_id": 1, "knowledge_revision": 14, "git_revision": "444a12973ba59ea690ea626e844956ba8112062c", "hash": "4955423bc65acad1082fd766f8d3726a", "format-version": 4, "code-base-name": "tic_tac_toe_frontend", "filename": "README.md", "revision_history": [{"14": "444a12973ba59ea690ea626e844956ba8112062c"}]}