{"is_source_file": true, "format": "TypeScript", "description": "Configuration file for Next.js project defining output as static export.", "external_files": ["next"], "external_methods": [], "published": ["nextConfig"], "classes": [], "methods": [], "calls": [], "search-terms": ["next.config.ts", "NextConfig", "export", "output"], "state": 2, "file_id": 8, "knowledge_revision": 20, "git_revision": "1e31ebe20d627c0b63bb0bad9f6f0d62c1540ce4", "ctags": [{"_type": "tag", "name": "nextConfig", "path": "/home/kavia/workspace/code-generation/tic-tac-toe-web-game-202408-202708/tic_tac_toe_frontend/next.config.ts", "pattern": "/^const nextConfig: NextConfig = {$/", "language": "TypeScript", "kind": "constant"}], "hash": "d2e8cb2378dd8f1f25150e4609f18db6", "format-version": 4, "code-base-name": "tic_tac_toe_frontend", "filename": "tic_tac_toe_frontend/next.config.ts", "revision_history": [{"20": "1e31ebe20d627c0b63bb0bad9f6f0d62c1540ce4"}]}