{"is_source_file": true, "format": "TypeScript/JavaScript (TSX)", "description": "This file defines a React functional component named NotFound that displays a 404 error page when a route does not match any existing page.", "external_files": ["react"], "external_methods": [], "published": ["NotFound"], "classes": [], "methods": [{"name": "NotFound", "description": "A React functional component that renders a 404 error message."}], "calls": ["React"], "search-terms": ["404", "Page Not Found", "React functional component", "not-found", "error page"], "state": 2, "file_id": 4, "knowledge_revision": 21, "git_revision": "1e31ebe20d627c0b63bb0bad9f6f0d62c1540ce4", "ctags": [], "hash": "6e11a41806f450f4131b5f7b53a61152", "format-version": 4, "code-base-name": "tic_tac_toe_frontend", "filename": "tic_tac_toe_frontend/src/app/not-found.tsx", "revision_history": [{"21": "1e31ebe20d627c0b63bb0bad9f6f0d62c1540ce4"}]}