{"is_source_file": true, "format": "TypeScript / TSX", "description": "The file defines the root layout component for a Next.js application, including metadata and HTML structure.", "external_files": ["./globals.css"], "external_methods": [], "published": ["metadata", "RootLayout"], "classes": [], "methods": [{"name": "RootLayout", "description": "Functional React component that wraps application children with HTML structure."}], "calls": ["React.ReactNode"], "search-terms": ["Next.js layout", "RootLayout", "metadata", "React", "tsx", "app structure"], "state": 2, "file_id": 5, "knowledge_revision": 23, "git_revision": "1e31ebe20d627c0b63bb0bad9f6f0d62c1540ce4", "ctags": [], "hash": "b8c9da91775e68b2caf15c64c76a1bf6", "format-version": 4, "code-base-name": "tic_tac_toe_frontend", "filename": "tic_tac_toe_frontend/src/app/layout.tsx", "revision_history": [{"23": "1e31ebe20d627c0b63bb0bad9f6f0d62c1540ce4"}]}