{"is_source_file": false, "format": "", "description": "", "external_files": [], "external_methods": [], "published": [], "classes": [], "methods": [], "calls": [], "search-terms": ["tailwindcss", "--ttt-primary", "--ttt-secondary", "--ttt-success", "--ttt-error", ".ttt-page", ".ttt-card", ".ttt-header", ".ttt-title", ".ttt-subtitle", ".ttt-status", ".ttt-board", ".ttt-cell", ".ttt-mark", ".ttt-controls", ".ttt-reset"], "state": 2, "file_id": 2, "knowledge_revision": 25, "git_revision": "1e31ebe20d627c0b63bb0bad9f6f0d62c1540ce4", "hash": "612d8b3a552ac59ff44fd073d06cccd2", "format-version": 4, "code-base-name": "tic_tac_toe_frontend", "filename": "tic_tac_toe_frontend/src/app/globals.css", "revision_history": [{"25": "1e31ebe20d627c0b63bb0bad9f6f0d62c1540ce4"}]}