{"is_source_file": false, "format": "", "description": "", "external_files": [], "external_methods": [], "published": [], "classes": [], "methods": [], "calls": [], "search-terms": [], "state": 2, "file_id": 10, "knowledge_revision": 18, "git_revision": "1e31ebe20d627c0b63bb0bad9f6f0d62c1540ce4", "hash": "e6692c25853b80b6ebb8a113b5470a5b", "format-version": 4, "code-base-name": "tic_tac_toe_frontend", "filename": "tic_tac_toe_frontend/package.json", "revision_history": [{"18": "1e31ebe20d627c0b63bb0bad9f6f0d62c1540ce4"}]}