{"is_source_file": false, "format": "", "description": "", "external_files": [], "external_methods": [], "published": [], "classes": [], "methods": [], "calls": [], "search-terms": [], "state": 2, "file_id": 11, "knowledge_revision": 17, "git_revision": "1e31ebe20d627c0b63bb0bad9f6f0d62c1540ce4", "hash": "0cf97a81150d3b8904f285780896980d", "format-version": 4, "code-base-name": "tic_tac_toe_frontend", "filename": "tic_tac_toe_frontend/tsconfig.json", "revision_history": [{"17": "1e31ebe20d627c0b63bb0bad9f6f0d62c1540ce4"}]}