{"is_source_file": true, "format": "TypeScript (TSX)", "description": "React component implementing a client-side Tic Tac Toe game page, including game logic, UI rendering, and interaction handling.", "external_files": ["react", "react (useMemo, useState)"], "external_methods": ["React.useState", "React.useMemo"], "published": ["default export: Home component"], "classes": [], "methods": [{"name": "getWinner", "description": "Determines the winner of the Tic Tac Toe game by checking predefined winning line combinations."}, {"name": "isBoardFull", "description": "Checks if all cells on the board are filled, indicating a draw if there's no winner."}, {"name": "Home", "description": "Main React component representing the Tic Tac Toe game page, managing game state and rendering UI."}], "calls": ["useState", "useMemo", "getWinner", "isBoardFull"], "search-terms": ["Tic Tac Toe", "React game component", "useState hook", "useMemo hook", "game logic", "board state", "winner detection", "client component", "TSX"], "state": 2, "file_id": 3, "knowledge_revision": 24, "git_revision": "1e31ebe20d627c0b63bb0bad9f6f0d62c1540ce4", "revision_history": [{"22": "1e31ebe20d627c0b63bb0bad9f6f0d62c1540ce4"}, {"24": "1e31ebe20d627c0b63bb0bad9f6f0d62c1540ce4"}], "ctags": [], "hash": "45dcaa9447da8f646936e69926b0886b", "format-version": 4, "code-base-name": "tic_tac_toe_frontend", "filename": "tic_tac_toe_frontend/src/app/page.tsx"}