{"is_source_file": true, "format": "JavaScript (ES Module)", "description": "This file is a PostCSS configuration file used in a front-end project. It defines a configuration object with a plugins array including Tailwind CSS PostCSS plugin and exports it as the default export.", "external_files": ["@tailwindcss/postcss"], "external_methods": [], "published": ["config"], "classes": [], "methods": [], "calls": ["export default config"], "search-terms": ["postcss.config.mjs", "tailwindcss", "postcss", "plugins"], "state": 2, "file_id": 7, "knowledge_revision": 19, "git_revision": "1e31ebe20d627c0b63bb0bad9f6f0d62c1540ce4", "hash": "675899342e765a4d16acd75a53389101", "format-version": 4, "code-base-name": "tic_tac_toe_frontend", "filename": "tic_tac_toe_frontend/postcss.config.mjs", "revision_history": [{"19": "1e31ebe20d627c0b63bb0bad9f6f0d62c1540ce4"}]}